experiment,gold,predicted_instead,count
B4_word+char_tfidf_logreg_tuned,anger,none,34
B4_word+char_tfidf_logreg_tuned,sadness,anger,34
B4_word+char_tfidf_logreg_tuned,sadness,none,33
B4_word+char_tfidf_logreg_tuned,joy,none,25
B4_word+char_tfidf_logreg_tuned,anger,sadness,21
B4_word+char_tfidf_logreg_tuned,joy,sadness,21
B4_word+char_tfidf_logreg_tuned,sadness,surprise,20
B4_word+char_tfidf_logreg_tuned,joy,surprise,14
B4_word+char_tfidf_logreg_tuned,sadness,joy,12
B4_word+char_tfidf_logreg_tuned,fear,sadness,11
B4_word+char_tfidf_logreg_tuned,joy,anger,10
B4_word+char_tfidf_logreg_tuned,surprise,none,10
B4_word+char_tfidf_logreg_tuned,anger,surprise,9
B4_word+char_tfidf_logreg_tuned,disgust,none,9
B4_word+char_tfidf_logreg_tuned,surprise,sadness,8
B4_word+char_tfidf_logreg_tuned,fear,anger,7
B4_word+char_tfidf_logreg_tuned,joy,fear,7
B4_word+char_tfidf_logreg_tuned,anger,joy,6
B4_word+char_tfidf_logreg_tuned,fear,none,6
B4_word+char_tfidf_logreg_tuned,fear,surprise,5
B4_word+char_tfidf_logreg_tuned,sadness,fear,5
B4_word+char_tfidf_logreg_tuned,surprise,anger,4
B4_word+char_tfidf_logreg_tuned,anger,fear,3
B4_word+char_tfidf_logreg_tuned,disgust,anger,2
B4_word+char_tfidf_logreg_tuned,disgust,fear,2
B4_word+char_tfidf_logreg_tuned,disgust,sadness,2
B4_word+char_tfidf_logreg_tuned,surprise,fear,2
B4_word+char_tfidf_logreg_tuned,disgust,surprise,1
B4_word+char_tfidf_logreg_tuned,surprise,joy,1
L3_bilstm_w2v_finetuned_maxpool,anger,none,52
L3_bilstm_w2v_finetuned_maxpool,sadness,none,51
L3_bilstm_w2v_finetuned_maxpool,joy,none,40
L3_bilstm_w2v_finetuned_maxpool,anger,sadness,27
L3_bilstm_w2v_finetuned_maxpool,joy,sadness,20
L3_bilstm_w2v_finetuned_maxpool,fear,sadness,18
L3_bilstm_w2v_finetuned_maxpool,sadness,anger,16
L3_bilstm_w2v_finetuned_maxpool,anger,surprise,13
L3_bilstm_w2v_finetuned_maxpool,sadness,surprise,13
L3_bilstm_w2v_finetuned_maxpool,sadness,joy,12
L3_bilstm_w2v_finetuned_maxpool,fear,none,11
L3_bilstm_w2v_finetuned_maxpool,anger,fear,10
L3_bilstm_w2v_finetuned_maxpool,surprise,none,10
L3_bilstm_w2v_finetuned_maxpool,surprise,sadness,10
L3_bilstm_w2v_finetuned_maxpool,joy,anger,8
L3_bilstm_w2v_finetuned_maxpool,joy,surprise,8
L3_bilstm_w2v_finetuned_maxpool,anger,joy,7
L3_bilstm_w2v_finetuned_maxpool,sadness,fear,7
L3_bilstm_w2v_finetuned_maxpool,joy,fear,6
L3_bilstm_w2v_finetuned_maxpool,fear,anger,5
L3_bilstm_w2v_finetuned_maxpool,sadness,disgust,5
L3_bilstm_w2v_finetuned_maxpool,surprise,anger,4
L3_bilstm_w2v_finetuned_maxpool,anger,disgust,3
L3_bilstm_w2v_finetuned_maxpool,disgust,none,3
L3_bilstm_w2v_finetuned_maxpool,fear,surprise,3
L3_bilstm_w2v_finetuned_maxpool,disgust,sadness,2
L3_bilstm_w2v_finetuned_maxpool,fear,joy,2
L3_bilstm_w2v_finetuned_maxpool,joy,disgust,2
L3_bilstm_w2v_finetuned_maxpool,surprise,joy,2
L3_bilstm_w2v_finetuned_maxpool,fear,disgust,1
L3_bilstm_w2v_finetuned_maxpool,surprise,disgust,1
L3_bilstm_w2v_finetuned_maxpool,surprise,fear,1
T1_xlmr_base,anger,surprise,50
T1_xlmr_base,joy,sadness,48
T1_xlmr_base,joy,fear,47
T1_xlmr_base,anger,fear,45
T1_xlmr_base,joy,surprise,45
T1_xlmr_base,sadness,joy,36
T1_xlmr_base,anger,sadness,35
T1_xlmr_base,sadness,anger,32
T1_xlmr_base,joy,anger,23
T1_xlmr_base,anger,joy,18
T1_xlmr_base,joy,none,13
T1_xlmr_base,sadness,fear,13
T1_xlmr_base,sadness,none,13
T1_xlmr_base,anger,none,12
T1_xlmr_base,sadness,surprise,11
T1_xlmr_base,sadness,disgust,9
T1_xlmr_base,fear,joy,8
T1_xlmr_base,fear,anger,7
T1_xlmr_base,surprise,anger,7
T1_xlmr_base,surprise,none,6
T1_xlmr_base,disgust,surprise,5
T1_xlmr_base,joy,disgust,5
T1_xlmr_base,disgust,fear,4
T1_xlmr_base,disgust,sadness,4
T1_xlmr_base,fear,disgust,4
T1_xlmr_base,fear,none,4
T1_xlmr_base,anger,disgust,3
T1_xlmr_base,fear,surprise,2
T1_xlmr_base,surprise,disgust,2
T1_xlmr_base,disgust,none,1
T1_xlmr_base,surprise,fear,1
T1_xlmr_base,surprise,sadness,1
T2_afriberta_large,sadness,none,55
T2_afriberta_large,joy,none,44
T2_afriberta_large,sadness,anger,34
T2_afriberta_large,anger,none,29
T2_afriberta_large,joy,anger,17
T2_afriberta_large,joy,surprise,15
T2_afriberta_large,anger,sadness,14
T2_afriberta_large,fear,none,14
T2_afriberta_large,joy,sadness,14
T2_afriberta_large,surprise,anger,12
T2_afriberta_large,surprise,sadness,12
T2_afriberta_large,fear,sadness,11
T2_afriberta_large,sadness,surprise,11
T2_afriberta_large,surprise,none,10
T2_afriberta_large,sadness,joy,8
T2_afriberta_large,fear,anger,7
T2_afriberta_large,sadness,fear,6
T2_afriberta_large,anger,joy,4
T2_afriberta_large,disgust,sadness,4
T2_afriberta_large,anger,fear,3
T2_afriberta_large,anger,surprise,3
T2_afriberta_large,fear,joy,3
T2_afriberta_large,disgust,anger,2
T2_afriberta_large,disgust,none,2
T2_afriberta_large,surprise,joy,2
T2_afriberta_large,disgust,surprise,1
T2_afriberta_large,fear,surprise,1
T2_afriberta_large,joy,fear,1
T3_afroxlmr_base,sadness,none,41
T3_afroxlmr_base,sadness,anger,37
T3_afroxlmr_base,joy,none,34
T3_afroxlmr_base,anger,none,24
T3_afroxlmr_base,sadness,joy,13
T3_afroxlmr_base,anger,sadness,12
T3_afroxlmr_base,joy,anger,12
T3_afroxlmr_base,joy,sadness,12
T3_afroxlmr_base,fear,none,11
T3_afroxlmr_base,sadness,fear,11
T3_afroxlmr_base,surprise,anger,11
T3_afroxlmr_base,surprise,none,11
T3_afroxlmr_base,surprise,sadness,11
T3_afroxlmr_base,anger,joy,9
T3_afroxlmr_base,fear,sadness,8
T3_afroxlmr_base,fear,anger,7
T3_afroxlmr_base,disgust,sadness,5
T3_afroxlmr_base,anger,fear,4
T3_afroxlmr_base,disgust,anger,4
T3_afroxlmr_base,fear,joy,4
T3_afroxlmr_base,disgust,none,3
T3_afroxlmr_base,joy,fear,3
T3_afroxlmr_base,sadness,surprise,3
T3_afroxlmr_base,anger,surprise,2
T3_afroxlmr_base,surprise,joy,2
T3_afroxlmr_base,fear,surprise,1
T4_afroxlmr_large,joy,none,38
T4_afroxlmr_large,anger,none,27
T4_afroxlmr_large,anger,sadness,24
T4_afroxlmr_large,sadness,none,21
T4_afroxlmr_large,sadness,anger,18
T4_afroxlmr_large,fear,none,11
T4_afroxlmr_large,fear,sadness,10
T4_afroxlmr_large,anger,surprise,9
T4_afroxlmr_large,surprise,none,9
T4_afroxlmr_large,surprise,sadness,9
T4_afroxlmr_large,anger,fear,8
T4_afroxlmr_large,joy,anger,8
T4_afroxlmr_large,surprise,anger,8
T4_afroxlmr_large,fear,anger,7
T4_afroxlmr_large,sadness,fear,7
T4_afroxlmr_large,sadness,surprise,6
T4_afroxlmr_large,joy,sadness,5
T4_afroxlmr_large,sadness,joy,5
T4_afroxlmr_large,fear,surprise,3
T4_afroxlmr_large,joy,surprise,3
T4_afroxlmr_large,anger,joy,2
T4_afroxlmr_large,disgust,none,2
T4_afroxlmr_large,disgust,sadness,2
T4_afroxlmr_large,disgust,surprise,2
T4_afroxlmr_large,disgust,anger,1
T4_afroxlmr_large,fear,joy,1
T4_afroxlmr_large,sadness,disgust,1
T4_afroxlmr_large,surprise,joy,1
