id,text,gold,pred_B4_word+char_tfidf_logreg_tuned,pred_L3_bilstm_w2v_finetuned_maxpool,pred_T1_xlmr_base,pred_T2_afriberta_large,pred_T3_afroxlmr_base,pred_T4_afroxlmr_large,native_speaker_note
kin_test_track_a_00004,@<username> mugerageze kunoza service. niba nagize ikibazo saa mbili mukagerageza kumbonera igisubizo saa kumi nimwe. nooo oyant rwose,anger+sadness,none,none,joy,anger,anger,anger,
kin_test_track_a_00007,"abazigize bakora imirimo y’ubuhinzi budatanga umusaruro ufatika, bafite ubumenyi buciriritse kandi bahora bimuka bashakisha ubuzima.",none,sadness,sadness,fear+joy,joy,joy,sadness,
kin_test_track_a_00008,@<username> @<username> @<username> cyaze uramuhaye tsu nawe nuko yumva yayibye bruh,none,anger,anger,anger,anger,anger,anger,
kin_test_track_a_00013,"uwimana wahinduye izina ry’akabari ke akakita akabenzi avuga ko hari abashoramari babiri bamusanze i kamembe batwara bamwe mu bakozi be botsaga ibenzi i rusizi, umwe ajya gutangiza ubucuruzi bwo kotsa ibenzi ku muhima, undi ajya kuyitangiza i musanze.",joy,sadness,sadness,fear+sadness+surprise,sadness,none,none,
kin_test_track_a_00014,ni ibintu ahuza no kuba abagana ayo mashuri bakiri mbarwa gusa akavuga ko hari icyizere ko abanyarwanda bazakomeza kwitabira ayo mashuri.,fear,fear+joy,joy,fear+sadness+surprise,joy,joy,joy,
kin_test_track_a_00017,miliyoni nyinshi z’ #abanyarwa bahanze amaso #amavubi uyu munsi. ni umunsi ukwiriye kuba uw’ibyishimo! @<username> ##url##,none,joy,joy,joy,joy,joy,joy,
kin_test_track_a_00020,@<username> ahubwo c ahazaza haracyahari aha wapi kuva kera niga naza primary bajyaga bamuvuga ukuntu ashitura boro none dore ndashaje,none,anger,anger,anger,anger,anger,sadness,
kin_test_track_a_00024,"umuyobozi w’akarere ka nyaruguru, murwanashyaka emmanuel, yavuze ko umugoroba w’abagabo ari agashya keza, asaba ko bibaye byiza n’aho iyi gahunda itaragera bayigira iyabo kuko ifasha mu kugabanya amakimbirane yo mu ngo.",joy+surprise,fear+sadness,sadness,fear+sadness+surprise,joy,joy,joy,
kin_test_track_a_00025,"umuyobozi w’umuryango hear us initiative organization, rukinga irene, yagaragaje ko ihohoterwa rikorerwa mu kazi riri mu byiciro bitandukanye aho hari ibikorwa haba mu buryo bukora ku mubiri, mu bitekerezo cyangwa ku gitsina.",sadness,joy+surprise,none,joy,none,none,fear+sadness,
kin_test_track_a_00029,@<username> @<username> reka nkuremere uzavuge ngo ngo,none,anger,anger,anger,anger,anger,anger,
kin_test_track_a_00034,@<username> @<username> bro oe nuko utamuzi uburyo arenze,surprise,anger,anger,anger,joy,anger,anger,
kin_test_track_a_00038,ese uretse ikigare wigeze utera ibuye kukarere zirakonera cg ubyumva nkanjye aha!?😂😂nese kuki batavuze intara!?😂😂,none,anger+surprise,anger+surprise,fear+surprise,anger+surprise,anger,anger,
kin_test_track_a_00049,"ikoresha amashanyarazi izwi nka i5 edrive40 izaba igura 67.000$, asaga miliyoni 75 frw, aho ifite ubushobozi bwo kugenda ibilometero 470 mu gihe yuzuye.",none,surprise,joy+surprise,joy,surprise,joy,surprise,
kin_test_track_a_00051,@<username> @<username> bikwiye gukosorwa kugira ngo hatabaho gukoresha imvugo zitutuzuzanya pour ne pas dire ziviguruzanya,none,anger,anger,anger,anger,anger,fear,
kin_test_track_a_00055,@<username> hahhhh uriya mwanzuro n'inyamibwa kd nawe uzawufata,joy,anger,none,anger,none,none,none,
kin_test_track_a_00071,nariye ibiryo bifite impumuro mbi,disgust+sadness,disgust,disgust,disgust,disgust,disgust,disgust,
kin_test_track_a_00073,@<username> @<username> @<username> arifata agashyiraho umuntu wananiwe gusimbuka urukuramende rwa santimetero 50 koko?😏😏🤣😂,sadness,anger,anger+sadness,anger,anger+surprise,anger,surprise,
kin_test_track_a_00075,senateri murangwa yavuze ko kibazo kiri mu bikoma mu nkokora gahunda yo gukumira no kurwanya impanuka ari icyo kuba hari umubare munini w’ibinyabiziga bigenda mu muhanda bidafite ubwishingizi.,anger,sadness,sadness,fear+sadness+surprise,fear,fear+sadness,fear+sadness,
kin_test_track_a_00081,"@<username> @<username> ikibazo si aho byabereye , ibyabere i bigogwe byabera n'ahandi . ikibazo ni ubuzima bwatwawe , kandi ikiguzi giciriritse . memory card ? 😬",anger+sadness,none,sadness,anger,sadness,sadness,sadness,
kin_test_track_a_00082,mbere y’ibi kizz daniel witwaga kiss daniel mu 2018 yahaye abafana be amafoto ari kumwe na chidinma bafite ‘tattoos’ zisa ku mibiri yabo.,none,sadness+surprise,sadness,joy,surprise,joy,surprise,
kin_test_track_a_00084,"@<username> @<username> niba ari njye ugira amarangamutima niba atari atari njye.....genda rwanda urakagira imana ,uragahoraho rwanda.@<username> wubahwe",joy,none,anger,anger,anger,anger,sadness,
kin_test_track_a_00100,ngo ubu ko twari dufite ishyirahamwe ry’abagore turaba aba nde?,sadness,anger,none,fear+surprise,none,anger,anger,
kin_test_track_a_00103,"ati “nubwo navuze ko fdlr iri hano ariko noneho bari banafite umugambi wo gutera grenade muri uyu mujyi [wa rubavu], na ndetse batubwira ko zamaze no kwinjira.",fear,sadness,sadness,fear+sadness+surprise,anger,none,fear+sadness,
kin_test_track_a_00104,@<username> @<username> @<username> harya nangahe ngo nyohereze,none,anger,anger,anger,anger,anger,anger,
kin_test_track_a_00105,@<username> nonex uzigute ko atarimo kwihorera 🤷🏾 wasanga baramwiciye umwana cgw ababyeyi nimugahubuke ngo muzanibinu namakuru yuzuye mufite,none,anger,anger,anger,anger,anger,anger+sadness,
kin_test_track_a_00113,"musenyeri andré perraudin ni we mubyeyi wa parmehutu kuko yayireze kuva ikivuka arayikuza, kugeza inyigisho zayo zisenye u rwanda mu 1994.",anger+sadness,sadness,sadness,fear+sadness+surprise,sadness,sadness,none,
kin_test_track_a_00119,"@<username> @<username> @<username> umva mbese, wowe fata turuwasa zawe uzishore neza urebe ko utazagafata tukumirwa",none,anger,anger,joy,anger,anger,anger,
kin_test_track_a_00122,@<username> uriya ntajya atenguha abantu be,joy,anger,sadness,anger,anger,anger,anger,
kin_test_track_a_00124,"we yagize ati ""hano naharwarije umuhungu wari wahuye n’impanuka none umudamu we nawe yaje kubyarira hano ku bitaro.",surprise,sadness,sadness,fear+sadness+surprise,sadness,sadness,sadness,
kin_test_track_a_00129,@<username> @<username> wishyire wizane muri byose urangwe nishyaka uterimbere none uraganje mubwigenge tugukomeyeho uko turi tweseeeeeeeehhhhhh,joy,anger+joy,anger,anger,none,anger,anger,
kin_test_track_a_00136,equipe y’u rwanda ihagaze neza muze tubashyigikire! dore abakinnyi bo guhanga amaso! ##url##,none,joy,joy,joy,joy,joy,joy,
kin_test_track_a_00139,n’iyo ubajije abaturage barakubwira bati ‘iyo umukozi ushinzwe gutanga ibyangombwa byo kubaka akubwira ngo dosiye ‘ntiragaruka’ aba ashaka kwaka ruswa.”,sadness,surprise,none,fear+sadness+surprise,anger,none,anger,
kin_test_track_a_00143,@<username> ikigali ntitwabona umwanya wo guteka imitwe ngo tunabone uwo kotsa runonko 😒,none,anger,anger,anger,anger,anger,anger+sadness,
kin_test_track_a_00150,"banasobanuriwe ko kwanga kwishyura ku bushake bigira ingaruka kuko utishyuye bituma ashyirwa ku rutonde rwa ba bihemu, bigatuma nta kigo cy’imari gishobora kumuha inguzanyo.",none,fear+sadness,fear+sadness,fear+sadness+surprise,fear+sadness,fear,fear+sadness,
kin_test_track_a_00152,"ku gisenyi amafi yatangiye gupfa, ikirunga cyabaye ikirunga wallah! @<username> #gomavolcan #nyiragongo ##url##",fear,none,none,none,sadness,sadness,sadness,
kin_test_track_a_00160,@<username> ayiwe ! itahire n'ubundi ibi ni urupfu🤣! ubu se ni ukurya cg ni ukuzuza igifu mpaka uheze umwuka🙈,sadness+surprise,anger,anger,anger,anger,anger,anger,
kin_test_track_a_00161,"aline gloriose uwizigiye, umwe mu barokotse jenoside yakorewe abatutsi i nyanza ubu uba mu bufaransa, yatangaje ko ibikozwe kuri biguma byerekana ko aho umujenosideri wese ari azacirwa urubanza.",joy,sadness,sadness,fear+sadness+surprise,none,sadness,none,
kin_test_track_a_00166,"ati “kuzimya biri kugorana kubera ikibazo cy’umuyaga, abaturage bari kwifashisha amasuka n’ibitiyo bagaca nyirantarengwa hakaba aho igiti gishya cyangwa kigakongeza umuriro hakurya y’aho abaturage baciye nyirantarengwa, indi mbogamizi ni umuyaga kuko nawo uri gutiza umurindi umuriro.”",fear,fear+sadness,fear+sadness,fear+sadness+surprise,sadness,sadness,sadness,
kin_test_track_a_00177,@<username> @<username> @<username> eka mwebwe muraturembeje nange barankata buri munsi ibi bintu nubujura kbs,anger+sadness,anger,none,anger,anger,anger,anger,
kin_test_track_a_00180,yagaragaje ko ibibazo biri muri adepr bikeneye agacaca ko kubiganiriramo kugira ngo hahuzwe impande zirebana nabi.,anger,fear+sadness,fear+sadness,fear+sadness+surprise,none,none,sadness,
kin_test_track_a_00181,"amakuru igihe yahawe na bamwe mu bakobwa bavuga ko ukuntu imyambarire isigaye imeze, bigoye kwambara ikariso kuko bihita bigaragara nabi.",surprise,sadness+surprise,fear+sadness+surprise,fear+sadness+surprise,sadness,sadness,sadness,
kin_test_track_a_00182,"nubwo abaturage batabyishimiye, abasesenguzi mu bukungu bemeza ko aribyo byiza kuko bizarinda leta gukomeza kongera amadeni.",none,fear+joy,fear+sadness,fear+sadness+surprise,joy,joy,joy,
kin_test_track_a_00185,biragoye ko hari ikipe yagura umukinnyi mu yindi,none,sadness+surprise,surprise,disgust,surprise,sadness,surprise,
kin_test_track_a_00192,@<username> hahahahh reka nicecekere sinjya ntukana gsa ubanza baba batarimo 2 hhhhh,none,anger,anger,anger,anger,anger,anger,
kin_test_track_a_00202,"umutwe wa wagner watangaje ko wiyemeje gusenyura inzego z’igisirikare cy’u burusiya, ni mu gihe ibiro by’iperereza mu burusiya byatangaje ko byatangiye gukurikirana umuyobozi wa wagner, yevgeniy prigozhin ku byaha birimo gukangurira abantu kujya mu mutwe witwaje intwaro no gushaka guhirika ubutegetsi bwa vladimir putin.",anger,sadness,none,fear+sadness+surprise,sadness,sadness,none,
kin_test_track_a_00207,"ibi byose bigira ingaruka ku mihindagurikire y’ibihe aho hamwe imvura ibura burundu nko mu bihugu bya afurika y’amajyaruguru no mu ihembe rya afurika, imvura ishobora kumara imyaka ibiri itaragwa na rimwe.",sadness,fear+sadness,fear+sadness,fear+sadness+surprise,fear+sadness,fear,fear+sadness,
kin_test_track_a_00221,"ati “mbanje gushima imana ku bwa junior multisystem, nshima imana ibyo yamukoreye; akiri mu nda y’umubyeyi we umwanzi yaramurwanyije yifuza kumwambura ubuzima, imana izamuhe kubana na yo.”",sadness,joy+sadness,none,joy,joy,joy,joy,
kin_test_track_a_00226,"@<username> @<username> gutera ibuye ahantu nk'aha, ni amahano mbambaroga. #rwot",none,anger,anger,anger,anger,anger,anger,
kin_test_track_a_00227,"iyi nkuru isa nk’iyaciye igikuba mu bakunzi b’urucaca bibazaga ukuntu iyi kipe igiye kwishyura aka kayabo ku bakinnyi batigeze bakinira ikipe yabo, kongeraho ko bari no mu bihe byo kugura abakinnyi bashya.",sadness,surprise,surprise,fear+sadness+surprise,none,surprise,surprise,
kin_test_track_a_00232,"“nyuma yaho gato, ahagana ku isaha ya saa mbiri, mu murenge wa matimba mu karere ka nyagatare haje gufatirwa andi mabalo ane ya magendu y’imyenda ya caguwa, ubwo nyirayo yari amaze kuyigeza mu rugo, abonye inzego z’umutekano aratoroka.”",none,sadness,sadness,fear+sadness+surprise,sadness,sadness,sadness,
kin_test_track_a_00233,"kuki usanga abitwa ba """"kavukire"""" batumvikana n'abitwa """"abimukira"""" ndetse ugasanga abapangayi batumvikana na ba nyir'amazu bakodesha? @<username>",fear,anger+surprise,sadness,anger,sadness,anger,anger+surprise,
kin_test_track_a_00239,urukundo ruzacogora muri benshi kubera ko ubugome buzaba bwiganje.,sadness,none,none,fear+sadness+surprise,none,fear,fear,
kin_test_track_a_00240,@<username> ndumva nanjye nanjoinga abo badafite ubwenge nuko nsanze ndi mubi😥,none,anger,anger+sadness,anger,anger,anger,sadness,
kin_test_track_a_00244,"ibi bifitanye isano no kuba abagore barahawe rugari bakiga ndetse bakaminuza, kuko ya mibare yerekana ko abagore babashije kwiga amashuri yisumbuye cyangwa kurenzaho bafite umubare uri hasi w’abana babyaye (abana 3.4 ku mugore), mu gihe abagore bize amashuri abanza gusa cyangwa arengaho gake babyaye abana benshi (abana 3.9 ku mugore.",fear,sadness,sadness,fear+sadness+surprise,sadness,none,sadness,
kin_test_track_a_00247,@<username> @<username> byo byo amaraso ntiwayaheza! n'ay'itungo arasama nkanswe ay'inzirakarengane itacumuye!!!,none,anger,anger,anger,anger,sadness,sadness,
kin_test_track_a_00248,"amanota 23 yari abonye yatumye agira 55, yamuhesheje kuba umukandida ku gikombe.",joy,sadness+surprise,surprise,fear+sadness+surprise,surprise,none,none,
kin_test_track_a_00255,“biteye isoni kubona imitwe yitwaje intwaro yatumye ibyo bihe bidasanzwe bishyirwaho ubu yarahindutse abafatanyabikorwa ba guverinoma.”,anger+sadness,sadness+surprise,none,fear+sadness+surprise,anger+sadness+surprise,surprise,sadness+surprise,
kin_test_track_a_00256,batatu bafunzwe bakurikiranyweho kugerageza gutwika inyubako yo mu gakiriro ka gisozi ##url##,none,sadness+surprise,sadness,joy,anger+sadness,sadness,sadness,
kin_test_track_a_00262,"very sad! umwana w'ukwezi 1 koko...😠, nyamara izi nyagabirama ziba zifite uburwayi bwo mumutwe! ntamuntu muzima wakora aya mahano❌ ##url##",anger+sadness,anger,sadness,none,none,sadness,sadness,
kin_test_track_a_00268,@<username> kubona abasore bashoboye gukoresha amaboko n'umutwe bari #kwimaringa ngo barashaka ikamba nanjye byanteye impungenge.,anger+fear,fear,none,anger,fear,fear,fear,
kin_test_track_a_00271,umuntu uri gusaba umwanya ngo atange ibitekerezo 🤌🤌🤌🤌😂😂😂😂😂😂😂,none,anger+surprise,anger,surprise,anger,anger,anger+surprise,
kin_test_track_a_00272,senateri mugisha yasabye abayobozi ba rura kwikubita agashyi kugira ngo ijye ibasha gufasha abaturage gushyira mu bikorwa amabwiriza ishyiraho cyangwa ashyirwaho n’izindi nzego zikorana na rura.,anger,none,joy,fear+sadness+surprise,none,joy,none,
kin_test_track_a_00273,yongeyeho ko adashimishwa n’ubuzima babayemo kuko ahuriramo n’ingorane umunsi ku wundi zirimo kwicwa n’inzara n’imbeho ya nijoro no guhohoterwa.,anger,joy,sadness,fear+sadness+surprise,sadness,sadness,sadness,
kin_test_track_a_00278,@<username> none se uwo mwuka wera ko nta we ndi kubona?,none,anger,anger,anger,anger,anger,anger,
kin_test_track_a_00283,ati “ni ingenzi ko ibihugu byacu bigerageza gukuraho uko kwivanga kugira ngo ingaruka zabyo ziveho.,none,fear,fear+sadness,fear+sadness+surprise,fear,fear,fear,
kin_test_track_a_00286,ati “icyo numva tutakoze mu myaka icyenda iri serukiramuco rimaze ni uko tutageze kuri buri rwibutso hirya no hino mu gihugu tubasangiza ibyiza bya ubumuntu arts festival.”,none,joy,joy,joy,joy,joy,joy,
kin_test_track_a_00294,"@<username> nizereko umutima mwiza wabanyarwanda, turabaremera! cg basige inkweto zabo nk'ingwate😂",none,anger,anger,anger,joy,joy,anger,
kin_test_track_a_00303,@<username> erega uzarebe ngo icyo umutima ukunda amata aguranwa itabi tubaterera amavi ark ahanini tuba twishakira batotizuba,none,anger,anger,anger,anger,anger,anger,
kin_test_track_a_00304,"yatanze urugero rw’uko yavukiye mu rwanda, agakurira muri uganda, madamu jeannette kagame akavukira i burundi, nyuma bakaza guhurira muri kenya.",surprise,sadness,joy,fear+sadness+surprise,none,none,none,
kin_test_track_a_00306,"hari abo tujya gukina, bakumva ko ari ikipe y’i kamonyi bagahita bagira ubwoba tutarajya mu kibuga.”",sadness,fear,fear+sadness,fear+sadness+surprise,fear,fear,fear+sadness,
kin_test_track_a_00311,@<username> urumva se atari motivation yo kuba umukire se bro? wicika intege tu,joy,anger,anger,anger,surprise,anger,anger,
kin_test_track_a_00317,@<username> cyakoze abantu turatandukanye pe. njye nabuze uwo mboloka kuko ntazi icyo namubolokera,none,sadness,sadness,anger,sadness,anger+sadness,sadness,
kin_test_track_a_00318,hari ubwo umushinjacyaha uri kuburana kuri iyo dosiye abona ko ibimenyetso byakusanyijwe bidahagije ngo we ubwe abe yashinja ukurikiranyweho icyaha bigatuma ahitamo kumushinjura.,surprise,sadness,sadness,fear+sadness+surprise,none,sadness,none,
kin_test_track_a_00321,"kidum yabivugiye mu gitaramo yakoreye i bruxelles mu bubiligi ubwo yari ku rubyiniro ku wa 6 gicurasi 2023, aho nyuma yo kuzongwa na shaddyboo wamubyinishaga amusiga umubiri, yasabye ko umuziki uhagarara arangije afata ijambo ati “erega shaddyboo yibagiwe ko ndi padiri mukuru!”.",anger+sadness+surprise,sadness,sadness+surprise,fear+sadness+surprise,anger+surprise,joy,sadness,
kin_test_track_a_00330,uburyo bwo kubyivanamo:,none,surprise,disgust,disgust,disgust,disgust,disgust,
kin_test_track_a_00331,@<username> arashaka gukubita ruriya rubaho ariko amaboko ye ari muri opposition n ubwonko bwe 😂,none,anger,anger,anger,surprise,anger,anger,
kin_test_track_a_00332,umwana uzi ubwenge bamusiîga nawe yinogereza,none,anger,disgust,disgust,disgust,disgust,disgust,
kin_test_track_a_00339,@<username> nureba se ....nuko kibondo.dore umukobwa (umutegarugori) ubereye u rwanda,joy,surprise,none,anger,none,anger,none,
kin_test_track_a_00342,"kuba hareguye bane muri bayigize, byatumye abasigaye badashobora gufata icyemezo nk’uko amategeko abigena.",none,sadness,sadness,fear+sadness+surprise,sadness,sadness,sadness,
kin_test_track_a_00343,"akumiro niki?! ni igihe uguze phone yaguhenze utaziko ari pirate😔🙄😢 uziko ari #samsung , ukayayatsa aho kwiyandikamo #samsung hakiyandikamo samuel 🙄😢😭😭😓😓😟😞😔",sadness+surprise,anger+sadness,anger+sadness+surprise,anger+surprise,anger+surprise,anger,none,
kin_test_track_a_00345,"abahanga bavuga ko imibonano mpuzabitsina ikozwe neza, ishobora kubera abayikoze urukingo rwo kwibasirwa n’umuhangayiko, agahinda gakabije ndetse n’ibindi bibazo bishingiye ku buzima bwo mu mutwe.",none,fear+sadness,fear+sadness,fear+sadness,fear,fear,fear,
kin_test_track_a_00350,@<username> @<username> @<username> @<username> @<username> @<username> ni ukuvuga ko yamwogeje kugirango asibanganye ibimenyetso. mbese yamwogeje ku gitsina nka kwa kundi dukaraba mu ntoki n'amazi n'isabune.,fear+sadness,none,none,anger,anger,anger,none,
kin_test_track_a_00351,"abanyeshuri bajyaga kwiga hirya bakambuka imipaka, ariko kugeza ubu aho cyaziye baza hano, ntibakijya hirya no hino.’’",none,sadness,joy,fear+sadness+surprise,sadness,sadness,joy,
kin_test_track_a_00355,igitangaje n’ukuntu ibiryo byanyu bihora bisa nk’umususwe.,disgust+surprise,disgust,anger+disgust,disgust,disgust,disgust,surprise,
kin_test_track_a_00356,"yakomeje agira ati “ndabifata ubundi nkashushanya nk’umuntu ugiye gukora igihangano cye, hamwe mbishyiraho ku ruhande, ahandi nkahashushanya ikintu runaka ku buryo ubibonye asanga igishushanyo cyanjye gifite umwimerere.”",joy,fear+sadness+surprise,surprise,fear+sadness+surprise,anger,fear,none,
kin_test_track_a_00369,@<username> ariko buriya nawe wagombye gukurikira abandi. kuko ndabona ukurikira bake pe!!! ibyo bagukorera nawe wagombye kubikorera abandi!!!,sadness,anger,anger,anger,anger,anger,anger,
kin_test_track_a_00372,izajyimana umunsi umwe nijoro nzabyuka ntere ibuye mukigo cyagisirikare numve ukuntu bavuga ngo uradukanze 😂😂😂😂,sadness,anger+surprise,none,fear+surprise,anger+sadness,anger,anger,
kin_test_track_a_00385,hari abantu bahisemo brain kuyikoresha nk’amasogisi mw’iyi minsi😂😂😂,anger,surprise,surprise,surprise,anger+surprise,surprise,surprise,
kin_test_track_a_00392,gahunda ariko ngo nuko uyu munsi ntamahoro agomba kuboneka😂😂😂😂😂😂😂😂 ##url##,fear,anger+surprise,anger,anger+surprise,none,joy,anger+sadness,
kin_test_track_a_00395,ibaze ukuntu mukanya kashize igihe narinsinziriye narindi muriyinzu nakanguka nkasanga ndi muri ghetto numuriro wabuze 😂 ##url##,sadness+surprise,surprise,none,none,sadness,sadness,sadness,
kin_test_track_a_00403,"nyuma y’igihe arwaye kanseri, yaje kuyikira nta muntu umubaze, ahita akomerezaho urugendo rwe rwo gushima imana, atangira gukora ivugabutumwa.",joy+surprise,sadness,sadness,fear+sadness+surprise,sadness,sadness,joy,
kin_test_track_a_00408,yongeyeho ko ikibazo cya mwishywa we wagurishije isambu cyagejejwe mu nkiko.,none,sadness,sadness,fear+sadness+surprise,sadness,sadness,sadness,
kin_test_track_a_00413,ni yo mpamvu kadima n’itsinda rye banze ubugenzuzi bw’itsinda ryigenga batinya ko amakosa yabo ashyirwa ku karubanda.”,fear,none,none,fear+sadness+surprise,anger+sadness,anger,none,
kin_test_track_a_00420,maconco yigometse kuri mwezi.,none,joy,disgust+sadness,disgust,disgust,disgust,disgust,
kin_test_track_a_00428,"umunyamategeko juan smuts yatangaje ko kongera guta muri yombi kayishema, byatunguye we n’umuryango w’uwo yunganira.",surprise,fear+surprise,fear,fear+sadness+surprise,sadness,sadness,none,
kin_test_track_a_00434,umuntu nkawe uri kugenda urebera amashusho y'urukozasoni mu modoka?,disgust,anger+disgust+surprise,anger+disgust+surprise,disgust+surprise,surprise,sadness,surprise,
kin_test_track_a_00437,ntabwo twari tubimenyereye ariko twabonye twarakinnye neza.,joy,none,disgust,disgust,none,none,none,
kin_test_track_a_00440,"ku rundi ruhande ngo mu basoje amasomo kuva mu 1980 kugeza mu 2016, abo bamaze kumenyera imyirondoro bashobora gukoresha uburyo bw’ikoranabuhanga bakamenya aho bari, bagera ku bihumbi 41.",joy,surprise,joy+surprise,fear+sadness+surprise,surprise,none,none,
kin_test_track_a_00445,mu 2011 urukiko rushinzwe kurengera uburenganzira bwa muntu mu burayi rwanzuye ko abakekwaho ibyaha bya jenoside bari muri suède boherezwa mu rwanda kandi byarakozwe.,joy,sadness,sadness,fear+sadness+surprise,sadness,none,none,
kin_test_track_a_00446,@<username> habaho no kwirengagiza mwana kugira ngo batakuniga ndaqa😂😂😂😂,none,anger,anger+sadness,anger+surprise,anger,anger,sadness,
kin_test_track_a_00453,"muri iyi raporo avuga ko atigeze agaragarizwa inyandiko zisobanura umubare wa muvelo zizakorwa n’ingano yazo, ibishobora gutuma bimwe mu bikoresho bita agaciro bigahombya leta amafaranga atari make.",none,fear,fear,fear+sadness+surprise,anger,fear,fear,
kin_test_track_a_00456,"sha sinkubeshye nsigaye ngukemanga.""",fear,surprise,disgust,disgust,none,sadness,anger,
kin_test_track_a_00457,"ese umuntu agusabye, ukamuha mukanya ukamubona ari kunywa biere wabifata ute???",none,anger+surprise,anger+disgust+surprise,surprise,anger,anger,anger+surprise,
kin_test_track_a_00464,ibyo byatumye hashyirwaho ihuriro ry’amashyaka ngo aganire ku bibazo binini bireba igihugu n’abaminisitiri babagezeho ibigiye gukorwa n’ingamba igihugu gifite.,fear,none,none,fear+sadness+surprise,none,none,none,
kin_test_track_a_00468,abanyamakuru bige gukoresha amarenga (geste) ntiyabumvise neza 🤣🤣 akumiro ni ivunja 🥳🥳 ##url##,surprise,none,none,anger,anger,anger,anger,
kin_test_track_a_00469,ati “birakenewe ko uyu mugabane wiyubaka mu bitekerezo ukumva ko utagomba kugaburirwa n’abandi.,anger,sadness,fear,fear+sadness+surprise,anger+surprise,none,none,
kin_test_track_a_00472,"@<username> 😂😂🤣🤣🤣🤣🤣🤣 kwifata biranze ndaseka, nanjye nidubura nzareba ko udafute inzāra nk'izinka!🇻🇺",joy,anger,anger,anger,anger,anger,anger,
kin_test_track_a_00480,umunsi umwe nibwo umujyanama wabo yabwiye schwarzenegger ko umugore we akeneye kumenye ukuri kose kuko yari amaze igihe amukeka amababa harimo no kubyarana n’undi mugore.,fear,sadness,none,joy,sadness,sadness,sadness,
kin_test_track_a_00481,@<username> @<username> @<username> @<username> @<username> @<username> @<username> @<username> @<username> @<username> @<username> @<username> nyihanganira man tubifate ko ari 1/1 twiyunge ntacyo dupfa mn,sadness,anger,anger,anger,anger,anger,anger,
kin_test_track_a_00490,yongeyeho ko inzu yose igaragaye mu kajagari muri nyamirambo ikurwaho naho iby’abashinjwa kurya ruswa bikaba ari ubuzima bwabo ku giti cyabo.,anger,sadness,sadness,fear+sadness+surprise,sadness,sadness,sadness,
kin_test_track_a_00491,"mu ijoro ryo ku itariki ya 25 nzeri 2015 , umunsi umukinnyi wa filime saphine kirenga yizihizagaho isabukuru y’amavuko, mu buryo butunguranye umusore bakundanaga yazanye impeta y’urukundo [fiançailles] ayambika uyu mukobwa inshuti n’abavandimwe bose babireba.",joy+surprise,joy+sadness+surprise,none,joy,sadness,none,none,
kin_test_track_a_00497,@<username> mwaramutse! internet yanze rwose mudufashe mukemure ikibazo gihari iri kutwicira akazi murako,anger+sadness,joy,none,anger,anger,sadness,sadness,
kin_test_track_a_00500,bamushinjaga ivangura no guheza bamwe mu baturage ba thailand.,none,sadness,sadness,surprise,anger+sadness,sadness,sadness,
kin_test_track_a_00515,"“umugore yatubwiye ko bageze mu rugo bakoze imibonano mpuzabitsina barangije bararyama, mu gitondo umugore yarabyutse amusiga mu buriri ajya gushaka icyo barya agarutse arebye asanga undi yapfuye ahita atangira gutabaza.”",sadness+surprise,sadness,sadness,fear+sadness+surprise,sadness,sadness,sadness,
kin_test_track_a_00518,"ati “nyuma yo guhabwa amakuru yizewe n’abaturage baturiye umupaka, ko hari magendu y’imyenda ya caguwa yinjijwe mu gihugu ivanywe mu bihugu by’abaturanyi, polisi yateguye ibikorwa byo kubafata, mu murenge wa kigarama wo mu karere ka kirehe, ku isaha ya saa kumi n’ebyiri za mu gitondo hafatirwa abantu batanu bari batwaye ku magare amabalo atanu.”",none,fear+sadness,sadness,fear+sadness+surprise,sadness,sadness,sadness,
kin_test_track_a_00519,"ati “ndashaka nihere ubutumwa inshuti yanjye jean fidèle, ndashaka nkubwire ko bitamvuye mu mutwe igihe wishimaga ibyishimo byanjye.",anger,surprise,joy,fear+sadness+surprise,sadness+surprise,joy,none,
kin_test_track_a_00532,agahinda ka mbere nugufana arsenal uri umukene rwose,anger+sadness,sadness,sadness,surprise,sadness,none,sadness,
kin_test_track_a_00533,"umva sister menya amazina ya boyfriend🙎‍♂️🙎‍♂️ wae ya nyayo ntagutera inda ntabwo tuzagufasha gushaka """" mane dreezy"""" 😂🤣🤣🤣🤣🤣🤣",none,anger+surprise,anger,surprise,anger,anger,anger,
kin_test_track_a_00537,"yaramututse ngo ni imbwa, ngo na mama wawe ni imbwa.",sadness,none,anger+disgust,disgust,none,none,none,
kin_test_track_a_00538,"@<username> @<username> namba no kukuruma bwageze mu kanwa watangiye kumva ubunyunyusi bwabwo,uzi kukuruma umunwa ugiye gutamira,umunwa ugahita ubyimba!🤣🤣🤣",sadness,anger,anger,anger,anger+surprise,none,anger,
kin_test_track_a_00541,"@<username> babyeyi amazi turayakumbuye, mukore geste wenda tubone ayo kunywa ibicurane bigiye kutwica",sadness,none,none,anger,anger,anger,fear,
kin_test_track_a_00545,urongoye umugore mwiza aganya ibyago nuteye igiti cyamapera mukigo cyamashuli ya primary😂❤️,sadness,surprise,none,fear+surprise,none,joy,joy,
kin_test_track_a_00551,ai nyamara uba utubwiye nabi aba papa twirira udusendababoyi😅 ushatse wakwihana @<username> 🤣🤷🏾‍♂️ ##url##,sadness,anger,none,anger,anger,anger,anger,
kin_test_track_a_00553,"🙃mani girl arambwiye ngo iyambarire byanze …, ndacyamusaba another round ndakomeza mbahe ikuru 😭😭😭",none,anger+sadness+surprise,sadness+surprise,surprise,sadness+surprise,sadness,anger,
kin_test_track_a_00557,@<username> @<username> @<username> ni agahomamunwa c? cg njye mbaza ibindeba?🤦🤸,none,anger,anger,anger,anger,anger,anger,
kin_test_track_a_00559,ubu buryo kandi bugabanya ibibazo bishobora kuvuka mu guhanahana amafaranga hagati y’abantu.,joy,fear,none,fear+sadness+surprise,none,none,none,
kin_test_track_a_00560,"ubaye urumukobwa, ufite million 7 munzu, umujura akinjira, akagusaba ko mwakora sex, cg gutwara ayo amafaranga wahitamo iki?",sadness+surprise,anger,none,fear+sadness+surprise,anger+surprise,anger,surprise,
kin_test_track_a_00568,nyirashema yahakanye ibyo umusore we amushinja avuga ko yabivuze kuko ashaka kumutwara inzu.,anger,sadness+surprise,sadness+surprise,fear+sadness+surprise,sadness,sadness,sadness,
kin_test_track_a_00571,kwinjira muri iki gitaramo bisaba kwishyura ibihumbi 10frw ubundi ukayanywera wumva icyanga cya amstel.,joy,anger+surprise,surprise,sadness+surprise,surprise,none,none,
kin_test_track_a_00579,ati mwana wanjye humura aho batari nzahababera.,joy+sadness,sadness,none,disgust,sadness,sadness,none,
kin_test_track_a_00601,bavuga ko umutangabuhamya mu rubanza yayobeje abacamanza avuga ko ataramenya neza niba azasaba indishyi z’amafaranga.,sadness,anger,fear+sadness,fear+sadness+surprise,surprise,fear,none,
kin_test_track_a_00603,"@<username> bibiliya irakureba nawe, yubahe unayikurikize kugira ngo uzaramire mu gihugu uwiteka imana yawe iguha",none,anger,anger,anger,anger,anger,joy,
kin_test_track_a_00604,@<username> @<username> @<username> utarumva umwana asuhuza se amuhereza ingumi ati gongaho gee😁,none,anger,sadness,anger,anger,anger,anger,
kin_test_track_a_00617,@<username> ntago ubeshye rwose ni indamutsa @<username> arakaguhama wamfura we,joy,anger+joy,none,none,none,none,anger,
kin_test_track_a_00620,"yakomeje abwira uyu muntu ko yizera ko nyuma y’ibi ameze neza kandi amusezeranya ko uwamwibasiye agiye kumukumira akanamukomanyiriza kuri instagram, kuko atakwihanganira imyitwarire nk’iyo yagaragaje.",anger,sadness,surprise,fear+sadness+surprise,none,none,none,
kin_test_track_a_00627,emeran na we yamusubije yifashishije akamenyetso k’igipfunsi wasobanura nko gushyigikira ibyo avuze.,none,surprise,surprise,fear+sadness+surprise,anger+surprise,anger,surprise,
kin_test_track_a_00630,nizere ko babantu bafashaga mama kumfata agiye kunkubita ubu bakora muri cia na fbi😭😭 ibigome gusa😩,anger,sadness+surprise,surprise,fear+surprise,anger+sadness,sadness,sadness,
kin_test_track_a_00636,"@<username> @<username> @<username> ntabwo ndubaka ariko ndumva imvune z’umubyeyi n’inshingano zo kurinda ubuzima bw’umwana, nkurikije ibyo uvuga @<username> .",sadness,anger,none,anger,anger,anger,anger,
kin_test_track_a_00642,ibi ni byo bituma mvuga ko twiteguye neza.”,joy,none,none,disgust,none,none,none,
kin_test_track_a_00652,ark c musore ni gute uteka igikoma cyakubunnye cyamara gushya aho kugishyira muri teremusi ukakimena hasi koko🙄🙄🙄,anger+sadness,anger+surprise,anger,fear+surprise,anger,anger,anger+surprise,
kin_test_track_a_00658,julienne uwacu wayoboraga @<username> iheruka guseswa yahawe umwanya muri minisiteri y’ubumwe bw’abanyarwanda n’inshingano mboneragihugu nk’umuyobozi nshingwabikorwa w’ishami rishinzwe ukwiyubaka kw’umuryango. #rwanda @<username> ##url##,none,joy,joy,joy,joy,joy,joy,
kin_test_track_a_00661,"biden yavuze ko yanze ibyo perezida putin yasabaga mbere y’uko intambara itangira, by’uko ukraine itakwemererwa kwinjira muri nato, avuga ko uyu muryango ufunguye kuri buri wese.",anger,sadness,sadness+surprise,fear+sadness+surprise,anger+fear,none,none,
kin_test_track_a_00664,munyumvire abase biyemeje icyaha batakoze kandi banasjija banahamya abandi icyaha bataranabaho. ibi nabyo ni icyaha ubwabyo bakoze. ##url##,surprise,anger+sadness,anger+sadness,none,anger,anger,anger,
kin_test_track_a_00667,@<username> @<username> kowagira ngo urumuhungu cg ubavukamo urumwe🤔😂😂 nibyo iyo ukabije 3 iya gatatu niyo kugutabara imvura yaguye😂😂,none,anger,anger+sadness,anger,anger,anger,anger,
kin_test_track_a_00668,akarere ka @<username> umurenge #tumba akagari ka #gitwa umudugudu #berwa habaye kwangirika kw'itiyo y'amazi bityo amazi ari kumeneka ku buryo bukabije. @<username> @<username> #tabara ##url##,fear,sadness,sadness,joy,sadness,sadness,sadness,
kin_test_track_a_00673,youtubers rn: baguwe gitumo bari kunywa urumogi ba banyamakuru mukunda cyane ##url##,sadness,joy,none,joy,joy,joy,none,
kin_test_track_a_00674,harigihe wibwira ko uri gutwika nyamara uri gushiririza 💀,anger,none,none,surprise,none,none,surprise,
kin_test_track_a_00687,"bitunguranye kuri ako gace yahasanze abandi bagabo batatu bose bategereza ko ubwo bwato buhaguruka, ariko ngo yari afite ubwoba ko abo bantu bashya bahuye bashoboraga kumwica cyangwa bakamusunika mu mazi.",fear,sadness+surprise,sadness,fear+sadness+surprise,fear+sadness,fear+sadness,sadness,
kin_test_track_a_00688,birasa n’ibigamije guca intege abandi ngo bataza kuko hari igihano gikomeye kibategereje.,none,sadness,sadness,fear+sadness+surprise,sadness,sadness,fear+sadness,
kin_test_track_a_00690,"mu gihe yari ategereje kuririmba, uyu muhanzi w’umunya-nigeria yasohokeye ahantu hatandukanye muri kigali ari nabwo amashusho umukundwa yashyize hanze bari kumwe yafashwe.",none,sadness+surprise,sadness+surprise,fear+sadness+surprise,surprise,joy,surprise,
kin_test_track_a_00691,@<username> @<username> @<username> @<username> @<username> @<username> @<username> @<username> @<username> @<username> uyu mugore ni umugome bikabije. ni ishitani neza neza! @<username> rwose mudufashe uyu mugore ahanwe by’intangarugero!!,anger,joy,joy,joy,sadness,joy,sadness,
kin_test_track_a_00692,"@<username> @<username> @<username> @<username> @<username> @<username> @<username> @<username> @<username> @<username> @<username> , humura grand frere. turi kumwe. amahoro asagambe muri wowe no mu bawe. rwose humura.",none,joy,joy,joy,joy,joy,sadness,
kin_test_track_a_00698,@<username> @<username> @<username> karumye? 😂😂😂😂 niyompamvu njye mukangurira kwibwirira ikimama cyibizi (amazi) byinshi mumubili cya @<username> 😂😂😂😂😂,sadness,anger,anger,anger,anger,anger,anger,
kin_test_track_a_00699,"muri ayo majwi yabonywe bwa mbere na cnn, cbs na bbc, trump yumvikana asa nk’urambura izo nyandiko nka kumwe umuntu aba ari gusoma igitabo agahindura ipaji imwe ajya ku yindi, akagera aho avuga ati “izi zo zirimo amakuru y’ibanga akomeye.”",none,fear+sadness+surprise,surprise,fear+sadness+surprise,anger+surprise,anger,surprise,
kin_test_track_a_00701,@<username> uyumugabo yanijajara byo reka hashye mazurebe ngo harashya byanyabyo noneho nurwanda maze rurahita rwisubiza ibyo rwaskwe,none,anger,anger,anger,anger,anger,anger,
kin_test_track_a_00704,‘goodlife health & beauty pharmacy’ ni farumasi yiyemeje kwita ku byo buri munyarwanda wese akeneye bijyanye n’ubuzima n’imibereho myiza.,none,joy,joy,joy,joy,joy,joy,
kin_test_track_a_00710,@<username> aka ka kane ushyizemo niko kabi urankomerekeje ubyumve. niwumva ufite ubumuntu unsabe imbabazi rwox,sadness,anger,none,anger,none,anger,anger+sadness,
kin_test_track_a_00713,"radio okapi yatangaje ko fayulu yasabye amahanga kumushyigikira, ntazigere yohereza indorerezi muri aya matora mu rwego rwo gushyigikira demokarasi n’uburenganzira bwa muntu.",anger,surprise,fear+sadness,fear+sadness+surprise,anger+surprise,joy,none,
kin_test_track_a_00717,gifite mukanwa hanuka nk‘imbwa yaboreye mu mazi.,anger+disgust,disgust,disgust,disgust,disgust,disgust,disgust,
kin_test_track_a_00732,hari abatawe muri yombi bari kubazwa barimo n’umugabo we kuko ni we muntu uzwi bari bafitanye amakimbirane.”,none,sadness+surprise,sadness,fear+sadness+surprise,sadness,sadness,sadness,
kin_test_track_a_00733,"guhera mu mpera z’icyumweru gishize, hari inyandiko yakwirakwijwe ku mbuga nkoranyambaga, bigaragara ko ari paji imwe yafotowe ikuwe muri raporo nini.",fear,sadness,sadness+surprise,fear+sadness+surprise,none,surprise,sadness+surprise,
kin_test_track_a_00738,@<username> nukuri darla iyo utaywa inzoga ntabwo biba byabaye....,sadness,anger,anger,anger,none,anger,none,
kin_test_track_a_00751,uyu mugore usanzwe akora mu kagari ka tetero mu murenge wa muhima amakuru avuga ko intandaro yo kugira ngo atere icyuma n’icupa mu mutwe uwo mugabo ari uko yasohotse mu nzu bari barimo yiruka kandi atamwishyuye amafaranga bari bumvikanye.,anger+sadness,sadness+surprise,sadness,fear+sadness+surprise,sadness,sadness,sadness,
kin_test_track_a_00752,"nyina yasaga nk’ufite ikimwaro, yateraga ubwoba uwageragezaga kujyana uwo mwana w’umuhungu ku bitaro.",none,fear+sadness,fear+sadness,fear+sadness+surprise,fear,sadness,fear+sadness,
kin_test_track_a_00759,ni uburyo bwubakiwe kugenzura no gucunga umutekano w’ikinyabiziga ndetse n’ugitwaye aho ishobora kubona ko hashobora kuba impanuka maze igahita ifata feri byihuse kuburyo bishobora kuyirinda cyangwa bikagabanya ibyago byayo.,joy,fear,fear,fear+sadness+surprise,fear,fear,none,
kin_test_track_a_00764,uretse mu ikinamico wari wabona ahandi hanu umukobwa yanze umusore wumukire agasanga uwumukene 😒😒,anger,sadness+surprise,surprise,fear+sadness+surprise,surprise,surprise,sadness+surprise,
kin_test_track_a_00770,"ati ""umugore yahaye amakuru inzego z’umutekano agaragaza ko muri icyo kigo hari gutangwamo serivisi zishingiye ku butinganyi.",sadness,fear+sadness+surprise,fear,fear+sadness,none,joy,fear+sadness,
kin_test_track_a_00779,@<username> reba icyana hasi sha nkujyane nawe x,none,anger,anger,anger,anger,anger,anger,
kin_test_track_a_00784,umwe mu baturage wanze ko amazina ye atangazwa yagize ati “umva abajura batumereye nabi bakubita abantu bakabakomeretsa noneho ubu baduye ingeso yo kukwiba n’imyenda wambaye ugasigara wambaye ubusa.”,fear+sadness,sadness,sadness,fear+sadness+surprise,sadness,sadness,sadness,
kin_test_track_a_00786,"ahantu honyine guterres avuga u rwanda, ni aho agaragaza ko umubano warwo na congo wazambye nyuma y’uko m23 itangije intambara.",surprise,fear+sadness,sadness,fear+sadness+surprise,none,anger,sadness,
kin_test_track_a_00791,nyuma yo kugobokwa n’abagiraneza uyu muhanzi yahise agaruka ku mbuga nkoranyambaga atangiza ubukangurambaga bwo gukusanya inkunga yo kuvuza umubyeyi we.,joy+sadness,sadness+surprise,none,fear+sadness+surprise,joy,sadness,sadness,
kin_test_track_a_00798,ntugate umwanya wae wigisha cg uhanura udashaka guhinduka ... kuko ntibishoboka ko wahindura umuntu mudahuje imico😔,none,anger,anger,fear+surprise,anger,anger,anger,
kin_test_track_a_00803,"ati “kugira ngo impfu n’indwara zigabanuke ndetse havuke abana bazima, iyi ni yo ntego yacu.",fear+joy,fear,fear,fear+sadness+surprise,fear,joy,none,
kin_test_track_a_00806,ibipimo ku bumwe n’ubwiyunge byerekana ko abanyarwanda 94% bumva neza ubumwe n’ubwiyunge ariko abagera kuri 27% bafite ibikomere bakomora ku mateka.,joy+sadness,sadness,sadness,fear+sadness+surprise,sadness,none,none,
kin_test_track_a_00814,waramutse rwanda ese namwe aho muri impeshyi yabatashyeho? mukomeze mugire umunsi mwiza wuzuye ubunyangamugayo no gukora cyane.,none,joy,joy,joy,joy,joy,joy,
kin_test_track_a_00818,"@<username> @<username> @<username> oya nawe gabanya kumwubahuka dore ni ukuganira, mutavaho mufatana mu mashati bikarangira mubaye nka wa mudasso wasafarinze.",fear,anger,anger,joy,anger,anger,anger,
kin_test_track_a_00824,@<username> harigihe utanga message ukagirango warebaga neza mu mutima w'umuntu! thanks so much @<username> for that tweet ❤️,joy+surprise,anger+joy,joy,joy,joy,joy,joy,
kin_test_track_a_00827,ishobora kuba yagira uruhare mu ididindira ry’ubwenge bigasaba kwitabwaho byihariye.,fear+sadness,fear,none,fear+sadness+surprise,none,none,fear,
kin_test_track_a_00829,"nubwo bigaragara ko ibyagezweho mu buryo bw’imibare mu gihe gito ari byiza, haracyari icyuho kinini ugereranyije no kuba abanyarwanda bageze kuri miliyoni hafi 14.",fear,fear+joy,sadness,fear+sadness,joy,none,none,
kin_test_track_a_00832,amashusho yasakajwe ku mbuga nkoranyambaga agaragaza uyu muraperi yagiye gushaka akazi ko gufasha abubatsi (ubuyede) ngo arebe ko yabona amaramuko.,none,surprise,surprise,fear+sadness+surprise,sadness+surprise,surprise,surprise,
kin_test_track_a_00833,allah akbar ya allah🙏 komeza unyongere kwihangana @<username> nyagatare ##url##,sadness,none,none,joy,joy,joy,joy,
kin_test_track_a_00836,impungurabigombyi,none,fear,anger+disgust+joy+sadness+surprise,disgust,anger,disgust,disgust,
kin_test_track_a_00847,ubundi the so-called big fish idafite amafaranga kuri njye nyifata nk'ururagara. uko ni ukuri kandi twumve dukomeye dutekanye 👍👌,anger,none,none,surprise,none,joy,none,
kin_test_track_a_00848,"yagize ati ""ubu mfite inzu byibuze ihagaze miliyoni 9 frw, nashatse umugore, mfite ingurube n’inkoko ndoroye, ubwo se navuga ko ntabayeho neza nshingiye ku iki?""",joy,sadness+surprise,sadness,fear+sadness+surprise,none,sadness,none,
kin_test_track_a_00855,"ibihugu birimo u butaliyani, espagne n’u bugereki byo byatangiye guhura n’ubu bushyuhe budasanzwe, aho nk’inzego z’ubuzima mu butaliyani zatanze integuza y’ubu bushyuhe mu mijyi 16 yabwo irimo roma, bologna ndetse na florence.",fear+sadness,none,fear,fear+sadness+surprise,none,fear,fear,
kin_test_track_a_00858,ubundi rata @<username> biradukwiye rwose kubwira umubyeyi umugongo uduhetse iyo ndamukanyo waramutse #rwanda ##url##,joy,anger,none,none,none,none,anger,
kin_test_track_a_00863,wa mugani nyamara @<username> uzi ubwenge urereunze 😂😂😂✌️✌️✌️✌️✌️✌️✌️✌️✌️😂😂😂😂🙌 ##url##,none,anger,joy,anger,anger,anger,anger,
kin_test_track_a_00864,uteye isesemi nk'ubukurugutwa bamennyemo amazi.,anger+disgust,disgust,disgust,disgust,disgust,disgust,disgust,
kin_test_track_a_00867,@<username> ahubwo iyi kipe ko ishaka gukwepa final bite byayo😂😂. turabategereje pe,fear,anger,anger,anger,none,anger,anger,
kin_test_track_a_00877,@<username> uzashake umuntu inshuti nziza ajye agutwaza ku mutwaro ufite umutima uzaruhuka gake gake,none,joy,sadness,anger,joy,joy,joy,
kin_test_track_a_00878,"towari marie louise uhagarariye umuryango ufite inkomoko mu buyapani, npo think about education in rwanda’, yavuze ko bashyize imbaraga mu burezi ndetse harimo no kwigisha amahoro hagati y’u rwanda n’u buyapani kuko ibihugu byombi byanyuze mu mateka akomeye.",sadness,none,joy,joy,joy,joy,joy,
kin_test_track_a_00879,"szwaczyk yavuze ko nubwo bemeye guhindura nimero y’umuhanda, ubu ikibazo bafite ari ukwakira ibirego by’abatarishimiye ko nimero yahindutse.",fear,fear+sadness,sadness,fear+sadness,none,none,none,
kin_test_track_a_00883,ufite umwuka nk'uwu muntu urwawe mburugu kbsa.,anger+disgust,disgust,none,disgust,disgust,disgust,anger,
kin_test_track_a_00888,ese kucyi abahungu bicyigihe basigaye bumva ko kuryamana aringombwa wamuhakanira mugahita mutandukana urwo nurukundo koko🙄🤔?,sadness,anger+surprise,anger+surprise,fear+surprise,anger,anger,surprise,
kin_test_track_a_00892,nta muntu waremye undi.”,anger,sadness,disgust+sadness,disgust,sadness,sadness,sadness,
kin_test_track_a_00897,bimwe muri ibi byaha trump ashinjwa bimuhamye ashobora gufungwa.,fear,none,sadness,disgust+surprise,sadness,none,none,
kin_test_track_a_00898,"umuyobozi wungirije ushinzwe imodoka zijya mu ntara muri volcano isingizwe eric, we avuga ko imodoka zitabuze ahubwo abagenzi babaye benshi kubera ko ari mu gihe cy’impeshyi.",none,sadness,sadness,fear+sadness+surprise,sadness,sadness,joy,
kin_test_track_a_00901,@<username> ushyireho ni zina ryawe ry' ukuri. ureke iryo watoraguye kuri iyi mihanda. nakuzaniye impano ndakubura bambwira ko batakuzi.,sadness,none,anger,joy,anger,anger,anger,
kin_test_track_a_00903,"yagize ati “ ejo bundi nka saa mbili z’ijoro nibwo umugabo w’imyaka 63 yagiye ahantu anywa inzoga arasinda, atahana n’umugore wari inshoreke ye kuko si ubwa mbere bari batahanye.”",none,sadness+surprise,sadness+surprise,fear+sadness+surprise,sadness,sadness,sadness,
kin_test_track_a_00904,si ubwa mbere perezida wa gasogi united yavuze kuri ibi bibazo bihora bitangwa muri ferwafa ariko abasifuzi bakabyitambika ntibigire aho bigera kubera izindi nyungu bakuramo.,anger+sadness,sadness+surprise,sadness+surprise,fear+sadness+surprise,anger,anger,surprise,
kin_test_track_a_00909,@<username> @<username> ibaze nawe gutegereza ko umunyamerika ari we ukubwira ububi cg ubwiza bw'umuco wawe. ni cyo cyica abanyafurika.,anger+sadness,none,none,joy,anger,anger,anger,
kin_test_track_a_00911,mwaramutse @<username> ese ejo hashize ko network zanyu zatumye mpomba ndetse nkashwana na benshi kubera ko ntahamagarwa murumva bishimishije? mwirirwe😫😩😩😫😩😩😫😩😩😩😩😫😩😩😩,anger+sadness,anger,anger,anger+surprise,anger,anger,anger+surprise,
kin_test_track_a_00913,@<username> ko atayafite cg bimubihira or bimubabaza,none,anger,anger,anger,anger,anger,sadness,
kin_test_track_a_00923,@<username> @<username> gukubita umukobwa byo nta murava byagutera uri umusore. ni ugutera ingumi ikagenda muri rolanti yamugeraho ukicuza.,sadness,surprise,none,anger,anger,anger,anger,
kin_test_track_a_00926,"amashusho yagiye asakara agaragaza intwaro za ukraine zitwikwa n’ibisasu byo mu butaka bizwi nka ‘mine’ ndetse hari abasirikare ba ukraine baherutse gutangaza ko buri uko bigiye imbere ho metero ijana, batakaza abasirikare bane cyangwa batanu.",none,fear+sadness+surprise,sadness,fear+sadness+surprise,surprise,sadness,sadness+surprise,
kin_test_track_a_00931,"mukabunani christine uyobora ishyaka ps imberakuri, ritavuga rumwe n’ubutegetsi mu rwanda, ni urugero rw’ibishoboka kuko ubu amaze imyaka itanu ari umudepite mu nteko.",joy,none,sadness,fear+sadness,none,none,none,
kin_test_track_a_00940,"@<username> kuri uru rugamba rwo kwirinda, gukangurira abandi kwirinda no kubafasha kwirinda @<username> arurimo neza kuva iki gihanya kikigera ino. #niyubahwe #ntakudohoka",anger+joy,none,none,joy,joy,joy,joy,
kin_test_track_a_00950,@<username> nyemerera nkubere umukiliya bwa rimwe😂😂🤲,none,anger,anger,anger,anger,anger,joy,
kin_test_track_a_00957,yasabye ababyeyi b’abana gukomeza kubitaho babaha uburere bukwiye kuko imyaka bagezemo ari bwo bamwe batangira kurangara.,fear,sadness,sadness,fear+sadness+surprise,sadness,fear+sadness,none,
kin_test_track_a_00965,"aba bagabo bavuga ko mbere y’uko bashyiraho umugoroba w’abagabo bajyanaga amafaranga y’urugo mu kabari bakayanywera, bataha umugore yabaza aho amafaranga yagiye, umugabo akabura icyo asubiza intonganya zikaba ziratangiye.",joy,sadness,sadness,fear+sadness+surprise,sadness,sadness,sadness,
kin_test_track_a_00971,"kugeza ubu mu rwanda hamaze koherezwa abakurikiranyweho ibyaha bya jenoside 29 bafatiwe mu bihugu by’amahanga, mu gihe ababuranishirijwe hanze ari 25 ndetse umuryango w’abibumbye wemeje ko inkiko zo mu rwanda zifite ubushobozi budashidikanywaho bwo kuburanisha ibi byaha bya jenoside.",none,fear+sadness,sadness,fear+sadness+surprise,sadness,joy,joy,
kin_test_track_a_00973,@<username> @<username> @<username> ariko mana ubwose ushatse kuvuga iki? mubyukuri gusa ndumiwe cyane.,sadness,anger,anger,anger,anger,anger,none,
kin_test_track_a_00974,nyamara muve mubyo gutegereza ya pusi murebe uko mwaremera uyu mutype @<username> ##url##,sadness,none,none,joy,anger,anger,anger,
kin_test_track_a_00982,yavuze ko uretse gutera amabuye muri uru rugo ngo niyo ahuye n’abandi baturage bagashaka kumubuza ngo ashobora kubasagarira bagasaba ubuyobozi kwita kuri iki kibazo.,fear,sadness,fear+sadness,fear+sadness+surprise,sadness,sadness,sadness,
kin_test_track_a_00984,"umwaka ushize urukiko rwisumbuye rwa musanze rwahamije bagiruwubusa jean nepomuscène icyaha cy’ubwicanyi, rumuhanisha igifungo cya burundu.",none,sadness,sadness,joy,sadness,sadness,sadness,
kin_test_track_a_00985,kwa kundi abakobwa bateye nabi bitera ibirungo byinshi 😭&gt;&gt;&gt;&gt;&gt;&gt;&gt;&gt;&gt;&gt;&gt;&gt; ##url##,anger,none,none,joy,none,sadness,sadness,
kin_test_track_a_00995,"abaturage bo mu bwoko bw’aba- irigwe bo mu gihugu cya nigeria, babayeho igihe kinini bagira uyu muco aho umugore yashakanaga na’abagabo barenze umwe bigafatwa nk’ibisanzwe, ariko akagira urugo rw’umugabo umwe abarizwamo ku buryo ari na we witwaga se w’abana bose uwo mugore yabyaraga n’ubwo bose bataba ari ab’uwo mugabo.",surprise,sadness,sadness,fear+sadness+surprise,sadness,none,none,
kin_test_track_a_00999,@<username> wa mugabo yatugarutsemo ndaq😂😂😂😂😂😂😂😂😂😂😂😂😂😂😂😂😂 ##url##,surprise,anger,anger,anger,anger,anger,anger,
kin_test_track_a_01005,kubufatanye ninzego zibanze ndetse ni z'ubuzima uyu munsi twakurikiranye igikorwa cyo gutanga urukingo rwa #covid19 mubigonderabuzima bya @<username> @<username> @<username> @<username> @<username> @<username> ##url##,none,joy,joy,joy,joy,joy,joy,
kin_test_track_a_01020,izi nkweto zirashaka 10k zombi inbox dore nabuze aho nzishyira kdi inzara niyose ##url##,sadness,anger,none,joy,none,anger,anger,
kin_test_track_a_01027,@<username> @<username> batamufite baba bari mu bipondo,none,anger,sadness,anger,anger,anger,sadness,
kin_test_track_a_01034,hari n’ubwo ubikorerwa ukabura ibimeyetso ntube watanga ikibazo ariko ukaba watanga ubuhamya bukangura abandi.,sadness,none,none,fear+sadness+surprise,none,none,none,
kin_test_track_a_01037,"yavuze ko nibura mu kwezi kuri ubu ibimene by’ibirahure byo mu mujyi wa nyamata hafi ya hose abikusanya, akabibakiza nk’umwanda.",joy,fear+sadness,fear+sadness,fear+sadness+surprise,none,sadness,none,
kin_test_track_a_01040,@<username> ubundi umujura nyawe iyo abuze icyo yiba ashaka na po umwana yitumyemo,none,anger,sadness,anger,anger,anger,anger,
kin_test_track_a_01041,ngo yakomeje gukora muri urwo rugo ariko nyuma aza kuhava yerekeza i nyanza ari na bwo abana bato bo muri rwa rugo yakoragamo baje kubwira ababyeyi ko bigeze kubona afite uruhinja mu cyumba cye.,surprise,sadness+surprise,sadness,fear+sadness+surprise,sadness,sadness,sadness,
kin_test_track_a_01042,"ibyo iyo bije turunguka nk’igihugu, tukagira amabanki akora kinyamwuga.”",joy,none,none,none,surprise,anger,none,
kin_test_track_a_01049,uwambajimana valentine ukurikiranyweho gucuruza ibiyobyabwenge nyuma yo gufatanwa udupfunyika 889 tw’urumogi we aramutse ahamijwe iki cyaha n’urukiko yahanwa n’ingingo ya 11 y’itegeko nimero 69/2019 ryo ku wa 08 ugushyingo 2019 rihindura itegeko nimero 68/2018 ryo ku wa 30 kanama 2018 riteganya ibyaha n’ibihano muri rusange.,sadness,none,none,joy,none,none,none,
kin_test_track_a_01054,"iki kigo cyasozanyije abana 102 mu y’inshuke bagiye mu abanza, usibye babiri bahuye n’uburwayi butuma badakomeza.",joy+sadness,sadness,sadness,fear+sadness+surprise,sadness,sadness,joy,
kin_test_track_a_01056,"imana ikomeze abasigaye b’umuryango we, abo basenganaga, urubyiruko n’abandi bose ubutumwa bwe bwafashije.",sadness,none,joy,fear+sadness,joy,none,joy,
kin_test_track_a_01059,abakunzi ba ruhago bagiye kwica inyoni ebyiri n’ibuye rimwe,joy,none,none,disgust,surprise,none,none,
kin_test_track_a_01066,"umuryango uhuza ibihugu byo mu burengerazuba bwa afurika, cedeao uherutse kugaragaza ko ibiganiro bya dipolomasi bisakunze ushobora kohereza ingabo zawo muri niger gusubiza ku butegetsi perezida mohamed bazoum.",none,fear,surprise,fear+sadness+surprise,anger,anger,fear,
kin_test_track_a_01072,@<username> @<username> @<username> @<username> @<username> @<username> @<username> birashoboka se ?gusa ikibazo cyo kirahari ariko niba bigeze aha?turakomerewe,fear+sadness,anger,anger,anger,none,none,anger,
kin_test_track_a_01081,uyu muyobozi yakomeje avuga ko inzego z’ibanze zari zaregereye uyu muryango zibagira inama yo kuboneza urubyaro umugore ngo ajya no kwa muganga bamushyiramo agapira ariko ngo nyuma y’ukwezi yahise agakuramo afatanyije n’umugabo we.,none,sadness+surprise,sadness,fear+sadness+surprise,sadness,sadness,joy,
kin_test_track_a_01084,@<username> @<username> @<username> hari ubwo abantu bihererana utwana nyamara!,sadness,anger,anger,anger,none,anger,none,
kin_test_track_a_01089,ugasanga umunsi umwe ubonye bonus yo kujya muri hotel/motel uragiye urayizenguritse wifotoza nkaho ari wowe boss waho wisubireho,anger,none,none,none,anger+surprise,none,surprise,
kin_test_track_a_01092,"ibibazo byatewe n’ubukoloni, ibyatewe na apartheid n’ibindi, byagarutsweho, humvikanishwa ko u burusiya nta ruhare na ruto rwabigizemo, ko ahubwo abanyaburayi na amerika batsikamiye afurika.",none,fear+sadness,sadness,fear+sadness,sadness,sadness,sadness,
kin_test_track_a_01107,"@<username> kizz daniel se ko afungiwe mubaturanyi , ubwo umuntu wafunzwe uyu munsi azaba ari tayari in 5 days ?",fear,anger,anger,anger,none,anger,anger,
kin_test_track_a_01108,"ariko imashini yahitaga itubwira iti nsanze igifitanye isano na byo ari abakaraba intoki ntabwo ari agapfukamunwa, noneho rbc igahita ijyana ingamba iti nyabuneka nimukarabe intoki.”",anger,sadness,none,fear+sadness+surprise,none,none,fear+sadness,
kin_test_track_a_01109,"@<username> @<username> ni psychological abnormal shifting y,ibibazo byawe ku bandi uzacunge @<username> na @<username> ako kantu barakagira ko guhora bumva banzwe",sadness,anger,anger,anger,anger+sadness,anger,none,
kin_test_track_a_01111,abajyanama b’ubuzima baganirijwe ku budasa mu guhangana na covid-19 ndetse n’uruhare rwabo muri ubu bukangurambaga #operationcovidfree #sindohoka @<username> @<username> ##url## ##url##,none,joy,joy,joy,joy,joy,joy,
kin_test_track_a_01119,"mu gihe trump anenga biden, inzego z’ubutabera zikomeje gukurikirana uwo wahoze ari perezida ku byaha birimo uburyo yafashe nabi inyandiko zirimo amabanga ya leta n’ibindi byaha bishobora gusiga afunzwe imyaka n’imyaka muri gereza.",fear,fear+sadness+surprise,sadness,fear+sadness+surprise,none,none,none,
kin_test_track_a_01121,"ugereranyije n’ubwiyongere bw’abaturage, abashora imari mu kubaka inzu ziciriritse n’iz’ubucuruzi baba bake.",fear,none,fear+sadness,none,joy,sadness,none,
kin_test_track_a_01123,@<username> @<username> ntago ari bubisome wikwirushya bro 😂,none,anger,anger,anger,anger,anger,anger,
kin_test_track_a_01125,"ibaruwa kaminuza y’u rwanda yanyujije ku rubuga rwayo rwa twitter yashyizweho umukono n’umuyobozi mukuru wayo, dr didas kayihura muganga, ivuga ko aba banyeshuri bimuwe ku mpamvu z’uko ari ryo shuri ribarizwa muri cbe ryari risigaye ryonyine i nyagatare.",none,surprise,joy,fear+sadness+surprise,anger,sadness,sadness,
kin_test_track_a_01130,"imana yumve amasengesho yawe, kandi utangire kubona ibyo wasengeye. umunsi mwiza.",none,joy,anger,joy,anger,joy,joy,
kin_test_track_a_01136,mf iziko yasibye ep ya @<username> kuri youtube nizibeshye go ikadagire muri kkblock😤😤 #seriously #rwanda,sadness,none,none,anger,anger,anger,anger,
kin_test_track_a_01138,izi zo urebye nabi zanakurya da! ##url##,fear,none,sadness,none,anger,anger,anger,
kin_test_track_a_01143,"umuvugizi wa polisi mu ntara y’iburengerazuba, sp bonaventure twizere karekezi, yavuze ko kugira ngo bafatwe byaturutse ku makuru yatanzwe n’abaturage.",joy,sadness,sadness,fear+sadness+surprise,sadness,none,none,
kin_test_track_a_01144,"ramjaane joshua yatanze urugero rw’ibyo yakijijwe, birimo kunywa itabi n’urumogi yanywaga yahishe abo mu rugo iwabo.",joy,sadness,sadness,fear+sadness+surprise,sadness,none,none,
kin_test_track_a_01145,"umuyobozi mukuru wa airtel rwanda, emmanuel hamez, yavuze ko mu myaka mike iri imbere nta telefoni zikoresha sim card zifatika (physical sim cards) zizaba zigisohoka, asaba abaturage gutangira kwimenyereza izi z’ikoranabuhanga.",none,joy,joy,joy,joy,fear,fear,
kin_test_track_a_01151,aha uyu musore yanafashwe amafoto yambaye ubusa.,sadness,surprise,disgust+surprise,disgust,surprise,none,surprise,
kin_test_track_a_01153,yakomeje agira ati “ni icyorezo gituma umwuga wacu uta agaciro n’ubutabera bugata agaciro ku buryo ari ikintu gikwiye kurwanywa twivuye inyuma kand dufatanyije n’abo dufatanyije mu rwego rw’ubutabera bikaba byagabanyuka uko bishoboka byose.”,sadness,fear+sadness,fear,fear+sadness+surprise,fear,fear,fear+sadness,
kin_test_track_a_01156,@<username> ndashaka kuzareba umuntu uha ruswa ngo ujue mu ijuru 😂😂😂😂😂😂,none,anger,anger,anger+surprise,anger,anger,anger,
kin_test_track_a_01158,"visi perezida wa ibuka mu karere ka nyarugenge, nduwawe denyse, yasabye abafite amakuru y’abishwe bakajugunywa muri nyabarongo kuyatanga.",anger+sadness,sadness,sadness,fear+sadness+surprise,sadness,sadness,sadness,
kin_test_track_a_01163,"ni ubushakashatsi prof. paul dawson yakoze ari kumwe n’itsinda ry’abanyeshyuri yigishaga, ashaka kubereka ko ari ngombwa gutekereza byimbitse ku buziranenge bw’ibiribwa, aho bwagaragaje ko guhuha iyo buji byongera bagiteri ku mutsima, ku kigero cya 1400%.",fear,fear+sadness,sadness,joy,none,none,none,
kin_test_track_a_01166,umusa reka dushake ama frw kuko ibyo indaya y'umusaza rukukuri inkoreye muri bar nagahuma munywa😭😭😭 ##url##,anger+sadness,anger,anger,anger,anger,anger,anger,
kin_test_track_a_01172,iyo bavuze ishyano wumva iki?,none,anger,anger+disgust,disgust,anger+disgust,anger,disgust,
kin_test_track_a_01179,umva nubwo inzonzi zibeshya ariko haribyo zitakwereka wari warota umukobwa yaguhaye amafaranga mbajije abasore?,none,anger+surprise,sadness,fear+sadness+surprise,anger,surprise,surprise,
kin_test_track_a_01187,urugero rwa hafi ni uko uyu musore ari we wanafashe amashusho n’amafoto y’igitaramo davido aherutse gukorera i boston.,none,surprise,surprise,joy,surprise,joy,surprise,
kin_test_track_a_01191,"iki kinyamakuru kigaragaza ko iyi ndwara yibasira ab’igitsina gore kurusha ab’igitsina gabo nubwo nta mpamvu yabyo izwi, ariko ngo abashakashatsi bagaragaje ko bishoboka ko imisemburo ya estrogen na progesterone ingana mu mibiri yabo ariko igakora mu buryo butandukanye ibigiramo uruhare.",sadness,fear+sadness,fear,fear+sadness+surprise,fear,fear,fear,
kin_test_track_a_01199,ubu bukwe bwabaye mu ibanga rikomeye dore ko aba bombi nta mpapuro bigeze batanga zisaba gushyingiranwa mu buryo bwemewe n’amategeko.,surprise,none,joy+surprise,fear+sadness+surprise,anger,sadness,none,
kin_test_track_a_01205,"uribaza uko uzaba wangije izina ryawe n’abakiliya bayobye bisobanuye ngo hari ingaruka nyinshi mu kutarinda izina ryawe.""",anger,sadness,none,fear+sadness+surprise,sadness,fear,fear,
kin_test_track_a_01206,yavuze ko ikindi kibazo gihari ari icy’ahantu hazwi ko hateza impanuka ariko ugasanga hadakosorwa vuba.,anger,fear+sadness,fear+sadness,fear+sadness+surprise,fear,fear,sadness,
kin_test_track_a_01212,"uyu mudepite yafashwe n’uburakari bwinshi mu biganiro byagarukaga ku ngurane zigomba guhabwa abaturage bo mu gace ahagarariye, bimuwe kubera ibikorwa by’ubucukuzi bw’amabuye y’agaciro.",anger,none,fear+sadness,fear+sadness+surprise,sadness,none,sadness,
kin_test_track_a_01220,@<username> xlm papa ewan amafaranga nibyose kbx ndemezako àmafaranga atanga ibyishimo kugera naho ibiceri 30 byatumyw umwana wimana ahohoterwa,surprise,none,anger+surprise,anger,anger+sadness,joy,anger,
kin_test_track_a_01221,"uyu mukobwa ari kuvuga ngo mubwire niba naramuciye inyuma kuri diane, ntabwo azi ko iby'isi aramabanga 🤣🤣",none,anger+surprise,anger+fear+sadness+surprise,fear+sadness+surprise,sadness,anger,anger+surprise,
kin_test_track_a_01223,@<username> @<username> @<username> umutungo kamere afurika ifite wakabaye uyikiza. abo wita umubyeyi bakabaye ari abafatanyabikorwa mu bwubahane,sadness,none,none,anger,none,anger,none,
kin_test_track_a_01226,@<username> ariko ko wifashe nka papa mbyitire bite? kankurwaneh nawe uzandwanaho kumunsi mubi.,joy,anger,anger,anger,anger,anger,anger,
