no,id,text,gold,AfroXLMR_large_said,AfroXLMR_base_said,TFIDF_said,your_judgement,notes
1,kin_test_track_a_00847,ubundi the so-called big fish idafite amafaranga kuri njye nyifata nk'ururagara. uko ni ukuri kandi twumve dukomeye dutekanye 👍👌,anger,none,joy,none,,
2,kin_test_track_a_00764,uretse mu ikinamico wari wabona ahandi hanu umukobwa yanze umusore wumukire agasanga uwumukene 😒😒,anger,sadness+surprise,surprise,sadness+surprise,,
3,kin_test_track_a_00630,nizere ko babantu bafashaga mama kumfata agiye kunkubita ubu bakora muri cia na fbi😭😭 ibigome gusa😩,anger,sadness,sadness,sadness+surprise,,
4,kin_test_track_a_00369,@<username> ariko buriya nawe wagombye gukurikira abandi. kuko ndabona ukurikira bake pe!!! ibyo bagukorera nawe wagombye kubikorera abandi!!!,sadness,anger,anger,anger,,
5,kin_test_track_a_00129,@<username> @<username> wishyire wizane muri byose urangwe nishyaka uterimbere none uraganje mubwigenge tugukomeyeho uko turi tweseeeeeeeehhhhhh,joy,anger,anger,anger+joy,,
6,kin_test_track_a_00571,kwinjira muri iki gitaramo bisaba kwishyura ibihumbi 10frw ubundi ukayanywera wumva icyanga cya amstel.,joy,none,none,anger+surprise,,
7,kin_test_track_a_01121,"ugereranyije n’ubwiyongere bw’abaturage, abashora imari mu kubaka inzu ziciriritse n’iz’ubucuruzi baba bake.",fear,none,sadness,none,,
8,kin_test_track_a_00829,"nubwo bigaragara ko ibyagezweho mu buryo bw’imibare mu gihe gito ari byiza, haracyari icyuho kinini ugereranyije no kuba abanyarwanda bageze kuri miliyoni hafi 14.",fear,none,none,fear+joy,,
9,kin_test_track_a_00957,yasabye ababyeyi b’abana gukomeza kubitaho babaha uburere bukwiye kuko imyaka bagezemo ari bwo bamwe batangira kurangara.,fear,none,fear+sadness,sadness,,
10,kin_test_track_a_00786,"ahantu honyine guterres avuga u rwanda, ni aho agaragaza ko umubano warwo na congo wazambye nyuma y’uko m23 itangije intambara.",surprise,sadness,anger,fear+sadness,,
11,kin_test_track_a_00034,@<username> @<username> bro oe nuko utamuzi uburyo arenze,surprise,anger,anger,anger,,
12,kin_test_track_a_01156,@<username> ndashaka kuzareba umuntu uha ruswa ngo ujue mu ijuru 😂😂😂😂😂😂,none,anger,anger,anger,,
13,kin_test_track_a_00779,@<username> reba icyana hasi sha nkujyane nawe x,none,anger,anger,anger,,
14,kin_test_track_a_00038,ese uretse ikigare wigeze utera ibuye kukarere zirakonera cg ubyumva nkanjye aha!?😂😂nese kuki batavuze intara!?😂😂,none,anger,anger,anger+surprise,,
15,kin_test_track_a_00434,umuntu nkawe uri kugenda urebera amashusho y'urukozasoni mu modoka?,disgust,surprise,sadness,anger+disgust+surprise,,
16,kin_test_track_a_00824,@<username> harigihe utanga message ukagirango warebaga neza mu mutima w'umuntu! thanks so much @<username> for that tweet ❤️,joy+surprise,joy,joy,anger+joy,,
17,kin_test_track_a_01072,@<username> @<username> @<username> @<username> @<username> @<username> @<username> birashoboka se ?gusa ikibazo cyo kirahari ariko niba bigeze aha?turakomerewe,fear+sadness,anger,none,anger,,
18,kin_test_track_a_01109,"@<username> @<username> ni psychological abnormal shifting y,ibibazo byawe ku bandi uzacunge @<username> na @<username> ako kantu barakagira ko guhora bumva banzwe",sadness,none,anger,anger,,
19,kin_test_track_a_00537,"yaramututse ngo ni imbwa, ngo na mama wawe ni imbwa.",sadness,none,none,none,,
20,kin_test_track_a_01059,abakunzi ba ruhago bagiye kwica inyoni ebyiri n’ibuye rimwe,joy,none,none,none,,
21,kin_test_track_a_01220,@<username> xlm papa ewan amafaranga nibyose kbx ndemezako àmafaranga atanga ibyishimo kugera naho ibiceri 30 byatumyw umwana wimana ahohoterwa,surprise,anger,joy,none,,
