experiment,emotion,precision,recall,f1,support,predicted_count
B4_word+char_tfidf_logreg_tuned,anger,0.424,0.591,0.494,225,314
B4_word+char_tfidf_logreg_tuned,disgust,0.961,0.766,0.852,64,51
B4_word+char_tfidf_logreg_tuned,fear,0.273,0.528,0.36,72,139
B4_word+char_tfidf_logreg_tuned,joy,0.643,0.627,0.635,212,207
B4_word+char_tfidf_logreg_tuned,sadness,0.512,0.604,0.554,318,375
B4_word+char_tfidf_logreg_tuned,surprise,0.107,0.396,0.169,53,196
L3_bilstm_w2v_finetuned_maxpool,anger,0.467,0.444,0.456,225,214
L3_bilstm_w2v_finetuned_maxpool,disgust,0.667,0.906,0.768,64,87
L3_bilstm_w2v_finetuned_maxpool,fear,0.25,0.347,0.291,72,100
L3_bilstm_w2v_finetuned_maxpool,joy,0.634,0.571,0.6,212,191
L3_bilstm_w2v_finetuned_maxpool,sadness,0.494,0.613,0.547,318,395
L3_bilstm_w2v_finetuned_maxpool,surprise,0.127,0.283,0.175,53,118
T1_xlmr_base,anger,0.442,0.511,0.474,225,260
T1_xlmr_base,disgust,0.58,0.906,0.707,64,100
T1_xlmr_base,fear,0.087,0.611,0.152,72,508
T1_xlmr_base,joy,0.447,0.519,0.48,212,246
T1_xlmr_base,sadness,0.4,0.585,0.475,318,465
T1_xlmr_base,surprise,0.061,0.585,0.11,53,510
T2_afriberta_large,anger,0.42,0.689,0.522,225,369
T2_afriberta_large,disgust,0.887,0.859,0.873,64,62
T2_afriberta_large,fear,0.481,0.361,0.413,72,54
T2_afriberta_large,joy,0.676,0.552,0.608,212,173
T2_afriberta_large,sadness,0.58,0.557,0.568,318,305
T2_afriberta_large,surprise,0.092,0.151,0.114,53,87
T3_afroxlmr_base,anger,0.457,0.68,0.546,225,335
T3_afroxlmr_base,disgust,0.864,0.797,0.829,64,59
T3_afroxlmr_base,fear,0.492,0.431,0.459,72,63
T3_afroxlmr_base,joy,0.623,0.693,0.656,212,236
T3_afroxlmr_base,sadness,0.626,0.585,0.605,318,297
T3_afroxlmr_base,surprise,0.227,0.094,0.133,53,22
T4_afroxlmr_large,anger,0.552,0.613,0.581,225,250
T4_afroxlmr_large,disgust,0.846,0.859,0.853,64,65
T4_afroxlmr_large,fear,0.409,0.5,0.45,72,88
T4_afroxlmr_large,joy,0.757,0.722,0.739,212,202
T4_afroxlmr_large,sadness,0.643,0.742,0.689,318,367
T4_afroxlmr_large,surprise,0.193,0.321,0.241,53,88
