experiment,time,config,dev_macro_f1,dev_macro_precision,dev_macro_recall,dev_micro_f1,dev_exact_match,dev_f1_anger,dev_f1_disgust,dev_f1_fear,dev_f1_joy,dev_f1_sadness,dev_f1_surprise,test_macro_f1,test_macro_precision,test_macro_recall,test_micro_f1,test_exact_match,test_f1_anger,test_f1_disgust,test_f1_fear,test_f1_joy,test_f1_sadness,test_f1_surprise
B0_random_by_label_frequency,2026-10-06T22:17:28,"{""prior"": [0.182, 0.05, 0.058, 0.172, 0.257, 0.043]}",0.1398,0.1386,0.1416,0.1897,0.2113,0.2051,0.0513,0.04,0.1493,0.2788,0.1143,0.1241,0.1248,0.1235,0.1662,0.1844,0.1733,0.0465,0.0593,0.1651,0.2262,0.0741
B1_word_tfidf_logreg_plain,2026-10-06T22:17:30,"{""balanced"": false, ""thresholds"": [0.5, 0.5, 0.5, 0.5, 0.5, 0.5]}",0.1977,0.4656,0.1416,0.331,0.3808,0.3585,0.0909,0.0,0.2826,0.454,0.0,0.2078,0.4785,0.153,0.348,0.4029,0.3222,0.0308,0.0,0.4805,0.4131,0.0
B2_word_tfidf_logreg_tuned,2026-10-06T22:17:35,"{""balanced"": true, ""thresholds"": [0.36, 0.22, 0.27, 0.47, 0.48, 0.24]}",0.4865,0.417,0.6121,0.5216,0.3538,0.5238,0.8372,0.2716,0.5169,0.5932,0.1765,0.4658,0.4016,0.5819,0.4919,0.3298,0.489,0.8235,0.3111,0.5708,0.5287,0.0714
B3_char_tfidf_logreg_tuned,2026-10-06T22:17:41,"{""balanced"": true, ""thresholds"": [0.38, 0.3, 0.26, 0.53, 0.42, 0.31]}",0.5238,0.465,0.6365,0.5438,0.3833,0.5152,0.8636,0.2759,0.6015,0.6202,0.2667,0.5041,0.4382,0.6325,0.5126,0.342,0.486,0.8732,0.331,0.6199,0.5436,0.1711
B4_word+char_tfidf_logreg_tuned,2026-10-06T22:17:48,"{""balanced"": true, ""thresholds"": [0.39, 0.42, 0.26, 0.47, 0.45, 0.14]}",0.5335,0.5012,0.6075,0.5525,0.4128,0.5341,0.8947,0.3333,0.589,0.6468,0.2029,0.5106,0.4866,0.5853,0.5085,0.3745,0.4935,0.8522,0.3602,0.6348,0.5541,0.1687
L1_bilstm_random_emb_maxpool,2026-10-06T22:54:03,"{""w2v"": false, ""freeze"": false, ""pooling"": ""max"", ""seeds"": [42, 43, 44], ""test_macro_f1_std"": 0.0078, ""test_oov_rate"": 0.2459, ""vocab"": 4041, ""epochs"": [9, 10, 9]}",0.4522,0.4089,0.5472,0.4871,0.3391,0.505,0.7469,0.2354,0.5156,0.5763,0.1341,0.4129,0.37,0.4985,0.4419,0.3114,0.4979,0.7178,0.2106,0.4935,0.4852,0.0723
L2_bilstm_w2v_frozen_maxpool,2026-10-06T23:13:24,"{""w2v"": true, ""freeze"": true, ""pooling"": ""max"", ""seeds"": [42, 43, 44], ""test_macro_f1_std"": 0.0026, ""test_oov_rate"": 0.0944, ""vocab"": 46571, ""epochs"": [14, 8, 8]}",0.5182,0.4807,0.6075,0.5482,0.3997,0.5473,0.8833,0.274,0.6276,0.5899,0.1874,0.4649,0.4279,0.5493,0.4862,0.3474,0.5037,0.8195,0.2927,0.5671,0.505,0.1012
L3_bilstm_w2v_finetuned_maxpool,2026-10-06T23:28:31,"{""w2v"": true, ""freeze"": false, ""pooling"": ""max"", ""seeds"": [42, 43, 44], ""test_macro_f1_std"": 0.0074, ""test_oov_rate"": 0.0944, ""vocab"": 46571, ""epochs"": [7, 4, 10]}",0.5113,0.4817,0.5857,0.5265,0.421,0.5178,0.8368,0.3136,0.5721,0.5987,0.2289,0.4776,0.4377,0.5637,0.4884,0.3756,0.4781,0.8359,0.2867,0.5984,0.5215,0.1452
L4_bilstm_w2v_finetuned_attention,2026-10-06T23:48:13,"{""w2v"": true, ""freeze"": false, ""pooling"": ""attention"", ""seeds"": [42, 43, 44], ""test_macro_f1_std"": 0.0091, ""test_oov_rate"": 0.0944, ""vocab"": 46571, ""epochs"": [7, 6, 10]}",0.5161,0.5317,0.5509,0.5434,0.4226,0.4494,0.8426,0.3924,0.6085,0.6155,0.1882,0.4577,0.4394,0.5103,0.4947,0.3823,0.4426,0.8522,0.2324,0.5935,0.5156,0.1102
